{
    "Best_Params": {
        "W_LRA60": 0.7954978426689391,
        "W_LRA180": -1.0372867568433022,
        "W_BOP": -1.7870288568719606,
        "W_QQE": 0.24029173577865282,
        "W_TDI": 0.4569184856921822,
        "W_CHV": 0.14957100933618556,
        "W_CSI": -1.2546640937820432,
        "Filter_ADX": 35.70490920739393,
        "Threshold_Score": 6.765411873263437
    },
    "Best_Score": 107.56494935746154,
    "Scaler_Stats": {
        "LRA_BSPScale(60)": {
            "mean": 0.09518928894105338,
            "std": 1.089439011963405
        },
        "LRA_BSPScale(180)": {
            "mean": 0.1589680985695161,
            "std": 1.0813247155362364
        },
        "BOP_Diff": {
            "mean": 7.123262273696611e-06,
            "std": 0.09530306201139346
        },
        "QQE_TrLevel": {
            "mean": 51.14747621162951,
            "std": 6.828599843136415
        },
        "TDI_TrSi": {
            "mean": 51.40541737462244,
            "std": 11.501566581914593
        },
        "CHV_CVScale": {
            "mean": 0.13826161157459055,
            "std": 1.02335881247917
        },
        "CSI_Scale": {
            "mean": 0.012152034617008063,
            "std": 0.9814596971823716
        }
    },
    "Simulation_Metrics": {
        "Total_Trades": 12,
        "Win_Rate": 75.0,
        "Profit_Factor": 3.0,
        "MDD": 3.0,
        "SQN": 2.0,
        "Estimated_Net_Score": 6
    }
}